PacketID,Payload,SourceAgent,TargetRow,TargetCol,Mode,SendTime,ReceptionTime,Latency,DestinationAgent,Status
4aed61_4_5_1,0x4aed61,-1,4,5,1,295,605,310,15,RECEIVED
3b5b21_0_1_0,0x3b5b21,-1,0,1,0,535,545,10,0,RECEIVED
270da5_3_0_1,0x270da5,-1,3,0,1,805,995,190,6,RECEIVED
72b2e2_3_0_1,0x72b2e2,-1,3,0,1,1035,1225,190,6,RECEIVED
186c4b_2_0_0,0x186c4b,-1,2,0,0,1255,1355,100,5,RECEIVED
512e29_0_4_0,0x512e29,-1,0,4,0,1355,1605,250,3,RECEIVED
610dfb_5_3_1,0x610dfb,-1,5,3,1,1505,1965,460,10,RECEIVED
541695_3_5_0,0x541695,-1,3,5,0,1675,1995,320,14,RECEIVED
508b96_4_0_1,0x508b96,-1,4,0,1,1825,2105,280,7,RECEIVED
3e785f_1_0_0,0x3e785f,-1,1,0,0,2075,2085,10,4,RECEIVED
7ae343_3_0_1,0x7ae343,-1,3,0,1,2225,2415,190,6,RECEIVED
d5007_5_1_0,0xd5007,-1,5,1,0,2375,0,0,-1,LOST
662ed2_2_0_1,0x662ed2,-1,2,0,1,2465,2475,10,5,RECEIVED
73df32_0_1_0,0x73df32,-1,0,1,0,2685,2695,10,0,RECEIVED
6cab5c_2_0_1,0x6cab5c,-1,2,0,1,2935,3035,100,5,RECEIVED
263153_1_0_0,0x263153,-1,1,0,0,3165,3175,10,4,RECEIVED
34604c_2_5_1,0x34604c,-1,2,5,1,3315,3645,330,13,RECEIVED
7e879c_1_0_1,0x7e879c,-1,1,0,1,3455,3465,10,4,RECEIVED
78a928_0_2_0,0x78a928,-1,0,2,0,3595,3695,100,1,RECEIVED
706962_0_4_0,0x706962,-1,0,4,0,3825,4105,280,3,RECEIVED
78e4be_0_2_1,0x78e4be,-1,0,2,1,4105,4205,100,1,RECEIVED
3cdd2e_5_3_0,0x3cdd2e,-1,5,3,0,4305,4575,270,10,RECEIVED
3121f1_1_0_0,0x3121f1,-1,1,0,0,4405,4415,10,4,RECEIVED
61323f_0_2_0,0x61323f,-1,0,2,0,4575,4675,100,1,RECEIVED
63355f_5_1_1,0x63355f,-1,5,1,1,4865,5145,280,8,RECEIVED
658299_0_3_1,0x658299,-1,0,3,1,5045,5235,190,2,RECEIVED
28caaa_3_0_0,0x28caaa,-1,3,0,0,5225,5415,190,6,RECEIVED
59f6a_2_0_0,0x59f6a,-1,2,0,0,5435,5535,100,5,RECEIVED
22ea95_0_2_0,0x22ea95,-1,0,2,0,5715,5815,100,1,RECEIVED
5f01cb_2_5_0,0x5f01cb,-1,2,5,0,5985,6295,310,13,RECEIVED
3fc7a4_0_2_1,0x3fc7a4,-1,0,2,1,6135,6235,100,1,RECEIVED
731094_5_4_1,0x731094,-1,5,4,1,6325,6855,530,11,RECEIVED
bb311_5_1_0,0xbb311,-1,5,1,0,6485,6765,280,8,RECEIVED
52e927_3_0_1,0x52e927,-1,3,0,1,6575,6775,200,6,RECEIVED
1d8fde_2_5_1,0x1d8fde,-1,2,5,1,6765,7095,330,13,RECEIVED
7b90bf_1_5_1,0x7b90bf,-1,1,5,1,6995,7275,280,12,RECEIVED
587abd_1_0_0,0x587abd,-1,1,0,0,7265,7275,10,4,RECEIVED
cedd8_3_5_0,0xcedd8,-1,3,5,0,7505,7905,400,14,RECEIVED
54f098_3_0_1,0x54f098,-1,3,0,1,7615,7805,190,6,RECEIVED
69fe52_0_4_0,0x69fe52,-1,0,4,0,7765,8045,280,3,RECEIVED
466fc1_0_1_1,0x466fc1,-1,0,1,1,7995,8085,90,0,RECEIVED
29cac9_0_4_1,0x29cac9,-1,0,4,1,8085,8275,190,3,RECEIVED
5d6dcc_5_2_1,0x5d6dcc,-1,5,2,1,8265,8355,90,9,RECEIVED
4fe088_0_3_0,0x4fe088,-1,0,3,0,8365,8465,100,2,RECEIVED
3c946d_5_2_0,0x3c946d,-1,5,2,0,8555,8835,280,9,RECEIVED
321cf6_1_0_0,0x321cf6,-1,1,0,0,8795,8895,100,4,RECEIVED
324f25_5_1_1,0x324f25,-1,5,1,1,9025,9335,310,8,RECEIVED
7fa5ba_3_0_1,0x7fa5ba,-1,3,0,1,9145,9365,220,6,RECEIVED
5f330d_5_3_0,0x5f330d,-1,5,3,0,9305,9555,250,10,RECEIVED
6e6e7a_5_2_1,0x6e6e7a,-1,5,2,1,9435,9715,280,9,RECEIVED
47ba39_5_4_1,0x47ba39,-1,5,4,1,9535,9975,440,11,RECEIVED
32b49b_5_1_1,0x32b49b,-1,5,1,1,9825,10195,370,8,RECEIVED
c8ffc_5_4_1,0xc8ffc,-1,5,4,1,10095,10555,460,11,RECEIVED
e933e_4_0_0,0xe933e,-1,4,0,0,10225,10555,330,7,RECEIVED
150254_1_0_0,0x150254,-1,1,0,0,10345,10445,100,4,RECEIVED
4a13a_3_5_1,0x4a13a,-1,3,5,1,10475,10805,330,14,RECEIVED
66733d_0_4_1,0x66733d,-1,0,4,1,10635,10825,190,3,RECEIVED
7a56ca_5_3_1,0x7a56ca,-1,5,3,1,10845,11215,370,10,RECEIVED
ba2ac_2_0_0,0xba2ac,-1,2,0,0,11075,11265,190,5,RECEIVED
20033c_0_2_0,0x20033c,-1,0,2,0,11215,11225,10,1,RECEIVED
1ba326_3_0_1,0x1ba326,-1,3,0,1,11485,11705,220,6,RECEIVED
7dd287_3_5_1,0x7dd287,-1,3,5,1,11775,12145,370,14,RECEIVED
30a13a_3_0_1,0x30a13a,-1,3,0,1,11975,12255,280,6,RECEIVED
f3e2d_5_2_0,0xf3e2d,-1,5,2,0,12095,12375,280,9,RECEIVED
6c24ca_0_2_1,0x6c24ca,-1,0,2,1,12325,12335,10,1,RECEIVED
639e3a_0_1_0,0x639e3a,-1,0,1,0,12535,12635,100,0,RECEIVED
189e51_1_5_0,0x189e51,-1,1,5,0,12725,12915,190,12,RECEIVED
3d0655_0_4_0,0x3d0655,-1,0,4,0,13015,13205,190,3,RECEIVED
553430_5_4_0,0x553430,-1,5,4,0,13155,13495,340,11,RECEIVED
26c046_5_4_1,0x26c046,-1,5,4,1,13315,13755,440,11,RECEIVED
27d738_0_4_1,0x27d738,-1,0,4,1,13565,13755,190,3,RECEIVED
4ca573_2_5_1,0x4ca573,-1,2,5,1,13795,14035,240,13,RECEIVED
c27a_5_1_1,0xc27a,-1,5,1,1,13975,14285,310,8,RECEIVED
240702_5_3_0,0x240702,-1,5,3,0,14265,14455,190,10,RECEIVED
468a6d_5_3_0,0x468a6d,-1,5,3,0,14425,14795,370,10,RECEIVED
75fd11_5_2_1,0x75fd11,-1,5,2,1,14665,14945,280,9,RECEIVED
5572bb_2_0_0,0x5572bb,-1,2,0,0,14905,15095,190,5,RECEIVED
5accb3_1_0_1,0x5accb3,-1,1,0,1,15115,15215,100,4,RECEIVED
7c6a7b_0_4_1,0x7c6a7b,-1,0,4,1,15325,15515,190,3,RECEIVED
e6269_4_5_1,0xe6269,-1,4,5,1,15555,15995,440,15,RECEIVED
1ae865_5_1_1,0x1ae865,-1,5,1,1,15685,16065,380,8,RECEIVED
2b8361_3_0_1,0x2b8361,-1,3,0,1,15825,16135,310,6,RECEIVED
5beef8_5_4_0,0x5beef8,-1,5,4,0,15975,16225,250,11,RECEIVED
159d49_0_1_1,0x159d49,-1,0,1,1,16095,16275,180,0,RECEIVED
50d42c_0_3_0,0x50d42c,-1,0,3,0,16235,16245,10,2,RECEIVED
78a6e2_0_2_0,0x78a6e2,-1,0,2,0,16505,16605,100,1,RECEIVED
581d3a_4_0_0,0x581d3a,-1,4,0,0,16735,17155,420,7,RECEIVED
1cea21_3_5_0,0x1cea21,-1,3,5,0,16985,17265,280,14,RECEIVED
4de421_1_0_1,0x4de421,-1,1,0,1,17195,17385,190,4,RECEIVED
6fdb6a_1_5_1,0x6fdb6a,-1,1,5,1,17365,17465,100,12,RECEIVED
2160b5_2_5_0,0x2160b5,-1,2,5,0,17525,17715,190,13,RECEIVED
2e3ffb_5_4_0,0x2e3ffb,-1,5,4,0,17675,18045,370,11,RECEIVED
5b5c30_5_4_0,0x5b5c30,-1,5,4,0,17955,18325,370,11,RECEIVED
790002_5_3_0,0x790002,-1,5,3,0,18085,18365,280,10,RECEIVED
595527_5_1_1,0x595527,-1,5,1,1,18325,18725,400,8,RECEIVED
5d945a_0_4_0,0x5d945a,-1,0,4,0,18425,18525,100,3,RECEIVED
5b1ba9_2_0_1,0x5b1ba9,-1,2,0,1,18675,18835,160,5,RECEIVED
4bc3e3_1_5_0,0x4bc3e3,-1,1,5,0,18875,18975,100,12,RECEIVED
167b37_3_5_0,0x167b37,-1,3,5,0,19075,19355,280,14,RECEIVED
5d891b_1_0_0,0x5d891b,-1,1,0,0,19355,19545,190,4,RECEIVED
5ed47f_2_0_0,0x5ed47f,-1,2,0,0,19505,19845,340,5,RECEIVED
ca7ba_2_5_1,0xca7ba,-1,2,5,1,19675,19775,100,13,RECEIVED
589555_0_2_1,0x589555,-1,0,2,1,19765,19955,190,1,RECEIVED
193ad2_3_0_0,0x193ad2,-1,3,0,0,20005,20465,460,6,RECEIVED
60a0cf_5_2_1,0x60a0cf,-1,5,2,1,20155,20555,400,9,RECEIVED
6b1ba1_5_4_0,0x6b1ba1,-1,5,4,0,20385,20665,280,11,RECEIVED
7e7ca5_5_2_1,0x7e7ca5,-1,5,2,1,20635,21095,460,9,RECEIVED
7cbf2_4_0_0,0x7cbf2,-1,4,0,0,20925,21455,530,7,RECEIVED
666135_3_5_1,0x666135,-1,3,5,1,21025,21215,190,14,RECEIVED
71fbfd_3_0_0,0x71fbfd,-1,3,0,0,21135,21595,460,6,RECEIVED
769dd8_5_2_1,0x769dd8,-1,5,2,1,21365,21825,460,9,RECEIVED
799178_2_5_1,0x799178,-1,2,5,1,21595,21695,100,13,RECEIVED
28bff7_0_4_1,0x28bff7,-1,0,4,1,21745,21755,10,3,RECEIVED
35b0cd_4_5_0,0x35b0cd,-1,4,5,0,21875,22155,280,15,RECEIVED
2772e_4_5_0,0x2772e,-1,4,5,0,22085,22365,280,15,RECEIVED
570f20_5_4_0,0x570f20,-1,5,4,0,22375,22655,280,11,RECEIVED
3630_3_5_0,0x3630,-1,3,5,0,22535,22725,190,14,RECEIVED
58016_5_4_1,0x58016,-1,5,4,1,22805,23085,280,11,RECEIVED
78e535_4_0_0,0x78e535,-1,4,0,0,22995,23525,530,7,RECEIVED
43f2dd_3_5_0,0x43f2dd,-1,3,5,0,23195,23385,190,14,RECEIVED
792833_5_2_0,0x792833,-1,5,2,0,23305,23575,270,9,RECEIVED
18d77c_4_5_0,0x18d77c,-1,4,5,0,23595,24055,460,15,RECEIVED
19534d_4_5_0,0x19534d,-1,4,5,0,23855,24405,550,15,RECEIVED
32de3a_0_2_0,0x32de3a,-1,0,2,0,23965,24065,100,1,RECEIVED
2be8f0_0_2_0,0x2be8f0,-1,0,2,0,24115,24215,100,1,RECEIVED
6fb844_5_1_1,0x6fb844,-1,5,1,1,24405,24685,280,8,RECEIVED
6935ba_3_0_0,0x6935ba,-1,3,0,0,24655,24845,190,6,RECEIVED
3d81b1_0_3_1,0x3d81b1,-1,0,3,1,24795,24985,190,2,RECEIVED
61a7db_2_0_0,0x61a7db,-1,2,0,0,24985,25085,100,5,RECEIVED
50f6cc_3_0_1,0x50f6cc,-1,3,0,1,25165,25355,190,6,RECEIVED
15d860_0_2_0,0x15d860,-1,0,2,0,25445,25545,100,1,RECEIVED
2d4cba_1_5_0,0x2d4cba,-1,1,5,0,25645,25925,280,12,RECEIVED
3da94c_3_5_0,0x3da94c,-1,3,5,0,25875,26335,460,14,RECEIVED
6ec9dd_2_5_1,0x6ec9dd,-1,2,5,1,26015,26325,310,13,RECEIVED
7b8843_2_0_1,0x7b8843,-1,2,0,1,26165,26265,100,5,RECEIVED
405aff_5_1_1,0x405aff,-1,5,1,1,26345,26625,280,8,RECEIVED
7e4e09_4_0_1,0x7e4e09,-1,4,0,1,26595,26875,280,7,RECEIVED
6ec885_5_3_0,0x6ec885,-1,5,3,0,26685,27065,380,10,RECEIVED
5a9f0b_2_0_1,0x5a9f0b,-1,2,0,1,26875,26975,100,5,RECEIVED
5e0a76_0_4_1,0x5e0a76,-1,0,4,1,27085,27365,280,3,RECEIVED
11775d_2_0_1,0x11775d,-1,2,0,1,27225,27325,100,5,RECEIVED
26129f_4_5_0,0x26129f,-1,4,5,0,27365,27855,490,15,RECEIVED
57be27_1_0_0,0x57be27,-1,1,0,0,27525,27535,10,4,RECEIVED
209213_0_4_0,0x209213,-1,0,4,0,27775,28055,280,3,RECEIVED
3695d9_5_1_0,0x3695d9,-1,5,1,0,27965,28245,280,8,RECEIVED
6029f0_4_5_1,0x6029f0,-1,4,5,1,28075,28565,490,15,RECEIVED
2164ed_5_2_1,0x2164ed,-1,5,2,1,28215,28585,370,9,RECEIVED
1b0bf0_1_5_0,0x1b0bf0,-1,1,5,0,28465,28745,280,12,RECEIVED
731764_5_1_1,0x731764,-1,5,1,1,28695,28975,280,8,RECEIVED
438c46_2_5_1,0x438c46,-1,2,5,1,28795,29205,410,13,RECEIVED
5a3813_5_3_1,0x5a3813,-1,5,3,1,28865,29255,390,10,RECEIVED
5a355b_3_5_1,0x5a355b,-1,3,5,1,29045,29355,310,14,RECEIVED
ff7a8_5_3_1,0xff7a8,-1,5,3,1,29295,29665,370,10,RECEIVED
69600a_0_2_0,0x69600a,-1,0,2,0,29555,29725,170,1,RECEIVED
385df9_5_3_1,0x385df9,-1,5,3,1,29755,30125,370,10,RECEIVED
2ac83_2_0_0,0x2ac83,-1,2,0,0,29845,29855,10,5,RECEIVED
718292_1_5_0,0x718292,-1,1,5,0,29985,30335,350,12,RECEIVED
694ac_2_0_1,0x694ac,-1,2,0,1,30265,30275,10,5,RECEIVED
78b32_3_0_1,0x78b32,-1,3,0,1,30495,30595,100,6,RECEIVED
64df54_3_0_0,0x64df54,-1,3,0,0,30615,30715,100,6,RECEIVED
2572ac_0_3_1,0x2572ac,-1,0,3,1,30815,31025,210,2,RECEIVED
24400d_5_1_0,0x24400d,-1,5,1,0,31075,31175,100,8,RECEIVED
690ecb_1_0_0,0x690ecb,-1,1,0,0,31355,31545,190,4,RECEIVED
645382_5_4_0,0x645382,-1,5,4,0,31465,31775,310,11,RECEIVED
7e5ef1_2_5_1,0x7e5ef1,-1,2,5,1,31565,31935,370,13,RECEIVED
4d6981_0_1_1,0x4d6981,-1,0,1,1,31835,32025,190,0,RECEIVED
6d592a_5_3_1,0x6d592a,-1,5,3,1,31995,32275,280,10,RECEIVED
4e5e66_3_0_0,0x4e5e66,-1,3,0,0,32105,32115,10,6,RECEIVED
2d89d3_0_4_1,0x2d89d3,-1,0,4,1,32395,32795,400,3,RECEIVED
270f00_5_2_1,0x270f00,-1,5,2,1,32535,32725,190,9,RECEIVED
71ebdd_5_1_0,0x71ebdd,-1,5,1,0,32635,32735,100,8,RECEIVED
201430_1_0_1,0x201430,-1,1,0,1,32775,32965,190,4,RECEIVED
17efd3_0_3_0,0x17efd3,-1,0,3,0,33045,33375,330,2,RECEIVED
6439a_1_5_0,0x6439a,-1,1,5,0,33245,33665,420,12,RECEIVED
4e3e28_2_0_0,0x4e3e28,-1,2,0,0,33485,33585,100,5,RECEIVED
257a1f_3_0_0,0x257a1f,-1,3,0,0,33585,33595,10,6,RECEIVED
2b6007_5_2_0,0x2b6007,-1,5,2,0,33815,33945,130,9,RECEIVED
7e08b9_0_4_1,0x7e08b9,-1,0,4,1,33935,34275,340,3,RECEIVED
56b017_0_2_0,0x56b017,-1,0,2,0,34135,34375,240,1,RECEIVED
67607_5_4_0,0x67607,-1,5,4,0,34375,34745,370,11,RECEIVED
7f760e_0_4_1,0x7f760e,-1,0,4,1,34665,35065,400,3,RECEIVED
7bb3e_5_1_0,0x7bb3e,-1,5,1,0,34875,34975,100,8,RECEIVED
5f11fd_1_0_0,0x5f11fd,-1,1,0,0,35085,35275,190,4,RECEIVED
2bc5f_2_0_0,0x2bc5f,-1,2,0,0,35305,35405,100,5,RECEIVED
50fd18_4_5_1,0x50fd18,-1,4,5,1,35585,35915,330,15,RECEIVED
619d26_1_0_1,0x619d26,-1,1,0,1,35815,36005,190,4,RECEIVED
55751c_0_2_1,0x55751c,-1,0,2,1,35935,36215,280,1,RECEIVED
42fdb8_0_2_0,0x42fdb8,-1,0,2,0,36065,36325,260,1,RECEIVED
be35f_0_3_1,0xbe35f,-1,0,3,1,36245,36555,310,2,RECEIVED
786b4a_0_4_0,0x786b4a,-1,0,4,0,36415,36855,440,3,RECEIVED
55f337_1_0_1,0x55f337,-1,1,0,1,36715,36945,230,4,RECEIVED
32817e_0_2_1,0x32817e,-1,0,2,1,36985,37355,370,1,RECEIVED
6cd818_0_2_1,0x6cd818,-1,0,2,1,37165,37535,370,1,RECEIVED
717d58_1_0_0,0x717d58,-1,1,0,0,37325,37605,280,4,RECEIVED
16da06_0_1_0,0x16da06,-1,0,1,0,37485,37765,280,0,RECEIVED
3ca178_0_2_1,0x3ca178,-1,0,2,1,37715,38085,370,1,RECEIVED
4eb9d2_5_4_0,0x4eb9d2,-1,5,4,0,37945,38225,280,11,RECEIVED
61885b_3_0_0,0x61885b,-1,3,0,0,38185,38285,100,6,RECEIVED
5d56d9_3_5_0,0x5d56d9,-1,3,5,0,38455,38805,350,14,RECEIVED
242368_3_0_0,0x242368,-1,3,0,0,38545,38645,100,6,RECEIVED
e288c_1_0_1,0xe288c,-1,1,0,1,38705,38985,280,4,RECEIVED
40b52f_2_0_1,0x40b52f,-1,2,0,1,38835,39025,190,5,RECEIVED
48097f_5_4_0,0x48097f,-1,5,4,0,38955,39235,280,11,RECEIVED
1a78a7_0_2_0,0x1a78a7,-1,0,2,0,39115,39445,330,1,RECEIVED
13cd0c_5_4_1,0x13cd0c,-1,5,4,1,39405,39685,280,11,RECEIVED
257e3b_0_2_1,0x257e3b,-1,0,2,1,39495,39805,310,1,RECEIVED
4117c7_3_5_0,0x4117c7,-1,3,5,0,39735,40105,370,14,RECEIVED
95a58_0_1_1,0x95a58,-1,0,1,1,39895,40175,280,0,RECEIVED
612d27_0_4_0,0x612d27,-1,0,4,0,40115,40665,550,3,RECEIVED
3c6f1e_0_2_1,0x3c6f1e,-1,0,2,1,40325,40695,370,1,RECEIVED
6b11a8_0_2_0,0x6b11a8,-1,0,2,0,40485,40835,350,1,RECEIVED
3c0993_1_0_0,0x3c0993,-1,1,0,0,40575,40855,280,4,RECEIVED
5fe149_1_5_1,0x5fe149,-1,1,5,1,40845,41275,430,12,RECEIVED
3706d7_5_4_1,0x3706d7,-1,5,4,1,41065,41345,280,11,RECEIVED
74105c_1_5_1,0x74105c,-1,1,5,1,41265,41815,550,12,RECEIVED
60d6a0_3_0_1,0x60d6a0,-1,3,0,1,41535,41635,100,6,RECEIVED
6064d2_4_5_1,0x6064d2,-1,4,5,1,41675,41955,280,15,RECEIVED
3d69db_0_3_1,0x3d69db,-1,0,3,1,41895,42355,460,2,RECEIVED
dc491_2_0_0,0xdc491,-1,2,0,0,42015,42205,190,5,RECEIVED
444e59_0_4_0,0x444e59,-1,0,4,0,42185,42715,530,3,RECEIVED
4d4e27_1_0_0,0x4d4e27,-1,1,0,0,42395,42675,280,4,RECEIVED
52fb44_0_4_1,0x52fb44,-1,0,4,1,42485,42985,500,3,RECEIVED
42e028_0_4_0,0x42e028,-1,0,4,0,42595,43125,530,3,RECEIVED
236dc7_0_1_1,0x236dc7,-1,0,1,1,42745,43025,280,0,RECEIVED
c6b60_0_1_0,0xc6b60,-1,0,1,0,42925,43205,280,0,RECEIVED
26f44a_3_5_0,0x26f44a,-1,3,5,0,43195,43565,370,14,RECEIVED
7a1a3f_4_0_1,0x7a1a3f,-1,4,0,1,43465,43475,10,7,RECEIVED
6a32d2_5_3_1,0x6a32d2,-1,5,3,1,43705,43895,190,10,RECEIVED
6edb77_0_1_0,0x6edb77,-1,0,1,0,43995,44275,280,0,RECEIVED
571db1_5_4_0,0x571db1,-1,5,4,0,44135,44415,280,11,RECEIVED
1d347d_5_3_0,0x1d347d,-1,5,3,0,44255,44445,190,10,RECEIVED
129a7_5_1_1,0x129a7,-1,5,1,1,44375,44385,10,8,RECEIVED
61c2fb_0_3_1,0x61c2fb,-1,0,3,1,44545,45005,460,2,RECEIVED
5870af_1_0_1,0x5870af,-1,1,0,1,44695,44975,280,4,RECEIVED
625cb0_5_3_1,0x625cb0,-1,5,3,1,44855,45045,190,10,RECEIVED
3a5c04_5_3_0,0x3a5c04,-1,5,3,0,45125,45315,190,10,RECEIVED
fe12b_5_3_1,0xfe12b,-1,5,3,1,45295,45485,190,10,RECEIVED
5311_0_4_0,0x5311,-1,0,4,0,45455,46005,550,3,RECEIVED
45d4af_3_5_0,0x45d4af,-1,3,5,0,45705,46075,370,14,RECEIVED
2cb295_5_4_1,0x2cb295,-1,5,4,1,45905,46185,280,11,RECEIVED
16eb47_2_0_0,0x16eb47,-1,2,0,0,46055,46245,190,5,RECEIVED
5b05ba_3_0_1,0x5b05ba,-1,3,0,1,46165,46265,100,6,RECEIVED
63c306_3_0_0,0x63c306,-1,3,0,0,46365,46465,100,6,RECEIVED
3758c1_3_5_1,0x3758c1,-1,3,5,1,46605,46855,250,14,RECEIVED
1eee00_0_3_0,0x1eee00,-1,0,3,0,46885,47305,420,2,RECEIVED
4c8de9_5_1_0,0x4c8de9,-1,5,1,0,47095,47145,50,8,RECEIVED
71f56c_4_5_0,0x71f56c,-1,4,5,0,47385,47575,190,15,RECEIVED
224f67_0_4_0,0x224f67,-1,0,4,0,47515,47955,440,3,RECEIVED
63473c_5_1_0,0x63473c,-1,5,1,0,47775,47875,100,8,RECEIVED
622246_0_4_1,0x622246,-1,0,4,1,47985,48285,300,3,RECEIVED
a8a2f_2_5_1,0xa8a2f,-1,2,5,1,48085,48335,250,13,RECEIVED
531bce_0_1_0,0x531bce,-1,0,1,0,48245,48615,370,0,RECEIVED
7444b6_2_5_1,0x7444b6,-1,2,5,1,48485,48855,370,13,RECEIVED
7f6696_4_0_0,0x7f6696,-1,4,0,0,48595,48695,100,7,RECEIVED
537214_0_4_1,0x537214,-1,0,4,1,48805,49265,460,3,RECEIVED
306735_2_0_1,0x306735,-1,2,0,1,48955,49215,260,5,RECEIVED
62a328_5_3_0,0x62a328,-1,5,3,0,49165,49265,100,10,RECEIVED
70601_5_1_0,0x70601,-1,5,1,0,49365,49465,100,8,RECEIVED
3fed05_5_1_0,0x3fed05,-1,5,1,0,49655,49755,100,8,RECEIVED
608998_3_5_0,0x608998,-1,3,5,0,49895,50175,280,14,RECEIVED
39e1a6_0_4_0,0x39e1a6,-1,0,4,0,50135,50555,420,3,RECEIVED
7bda15_0_3_1,0x7bda15,-1,0,3,1,50325,50695,370,2,RECEIVED
6233cc_3_0_0,0x6233cc,-1,3,0,0,50455,50645,190,6,RECEIVED
1c751f_3_5_0,0x1c751f,-1,3,5,0,50615,50895,280,14,RECEIVED
3aa984_5_3_1,0x3aa984,-1,5,3,1,50885,50985,100,10,RECEIVED
6aed6e_5_3_0,0x6aed6e,-1,5,3,0,51015,51115,100,10,RECEIVED
22cd9a_5_4_0,0x22cd9a,-1,5,4,0,51235,51425,190,11,RECEIVED
4cb942_5_3_0,0x4cb942,-1,5,3,0,51345,51445,100,10,RECEIVED
be430_2_0_0,0xbe430,-1,2,0,0,51445,51665,220,5,RECEIVED
116eec_3_0_1,0x116eec,-1,3,0,1,51655,51825,170,6,RECEIVED
7ce90e_3_5_0,0x7ce90e,-1,3,5,0,51745,52025,280,14,RECEIVED
2fb4b9_0_1_1,0x2fb4b9,-1,0,1,1,51895,52245,350,0,RECEIVED
56f833_3_0_0,0x56f833,-1,3,0,0,51995,52125,130,6,RECEIVED
11786c_2_5_1,0x11786c,-1,2,5,1,52235,52545,310,13,RECEIVED
b4b47_5_2_0,0xb4b47,-1,5,2,0,52335,52345,10,9,RECEIVED
6c87c_5_4_0,0x6c87c,-1,5,4,0,52485,52585,100,11,RECEIVED
1b53cd_5_3_1,0x1b53cd,-1,5,3,1,52685,52695,10,10,RECEIVED
1c8197_2_0_1,0x1c8197,-1,2,0,1,52975,53285,310,5,RECEIVED
7d4a2_2_0_1,0x7d4a2,-1,2,0,1,53145,53515,370,5,RECEIVED
10b645_4_5_1,0x10b645,-1,4,5,1,53275,53375,100,15,RECEIVED
203671_3_0_0,0x203671,-1,3,0,0,53395,53625,230,6,RECEIVED
1af718_0_2_1,0x1af718,-1,0,2,1,53585,53915,330,1,RECEIVED
15ab36_4_5_0,0x15ab36,-1,4,5,0,53715,53815,100,15,RECEIVED
643c36_3_0_1,0x643c36,-1,3,0,1,53965,54205,240,6,RECEIVED
1e0719_5_2_1,0x1e0719,-1,5,2,1,54215,54315,100,9,RECEIVED
14cee8_5_3_0,0x14cee8,-1,5,3,0,54345,54355,10,10,RECEIVED
5cfca8_4_5_1,0x5cfca8,-1,4,5,1,54565,54665,100,15,RECEIVED
3d28bf_0_2_1,0x3d28bf,-1,0,2,1,54715,55085,370,1,RECEIVED
38172a_3_5_1,0x38172a,-1,3,5,1,54955,55085,130,14,RECEIVED
3e9ac_0_3_1,0x3e9ac,-1,0,3,1,55125,55405,280,2,RECEIVED
8e981_4_0_1,0x8e981,-1,4,0,1,55255,55445,190,7,RECEIVED
42f291_0_4_0,0x42f291,-1,0,4,0,55505,55835,330,3,RECEIVED
30a9c6_3_5_1,0x30a9c6,-1,3,5,1,55795,55925,130,14,RECEIVED
73d0f6_5_3_0,0x73d0f6,-1,5,3,0,56075,56085,10,10,RECEIVED
9aa98_3_0_0,0x9aa98,-1,3,0,0,56275,56495,220,6,RECEIVED
5315ca_2_5_1,0x5315ca,-1,2,5,1,56425,56595,170,13,RECEIVED
658525_0_2_1,0x658525,-1,0,2,1,56625,57085,460,1,RECEIVED
6945c0_0_2_0,0x6945c0,-1,0,2,0,56775,57005,230,1,RECEIVED
2a9a19_5_4_1,0x2a9a19,-1,5,4,1,56925,56935,10,11,RECEIVED
d7e98_2_0_1,0xd7e98,-1,2,0,1,57015,57435,420,5,RECEIVED
8e007_0_1_1,0x8e007,-1,0,1,1,57255,57805,550,0,RECEIVED
1b6663_3_0_0,0x1b6663,-1,3,0,0,57345,57715,370,6,RECEIVED
7ac24_2_5_1,0x7ac24,-1,2,5,1,57515,57705,190,13,RECEIVED
fef75_5_2_1,0xfef75,-1,5,2,1,57615,57805,190,9,RECEIVED
675d_1_5_1,0x675d,-1,1,5,1,57885,58165,280,12,RECEIVED
7f8425_0_2_0,0x7f8425,-1,0,2,0,58025,58365,340,1,RECEIVED
ac8b8_0_1_0,0xac8b8,-1,0,1,0,58255,58685,430,0,RECEIVED
66f597_2_5_1,0x66f597,-1,2,5,1,58345,58535,190,13,RECEIVED
1ff895_4_5_1,0x1ff895,-1,4,5,1,58555,58565,10,15,RECEIVED
7532eb_2_5_1,0x7532eb,-1,2,5,1,58815,59005,190,13,RECEIVED
3315e2_5_4_1,0x3315e2,-1,5,4,1,59045,59055,10,11,RECEIVED
3fd817_4_0_1,0x3fd817,-1,4,0,1,59225,59505,280,7,RECEIVED
7b8be2_0_2_0,0x7b8be2,-1,0,2,0,59505,59965,460,1,RECEIVED
129868_1_0_0,0x129868,-1,1,0,0,59745,60295,550,4,RECEIVED
5f6695_5_3_0,0x5f6695,-1,5,3,0,59995,60095,100,10,RECEIVED
45d1e7_1_0_1,0x45d1e7,-1,1,0,1,60225,60735,510,4,RECEIVED
7d4691_3_0_1,0x7d4691,-1,3,0,1,60345,60655,310,6,RECEIVED
49959b_2_0_1,0x49959b,-1,2,0,1,60465,60885,420,5,RECEIVED
875e_5_2_1,0x875e,-1,5,2,1,60655,60845,190,9,RECEIVED
631b0b_0_1_1,0x631b0b,-1,0,1,1,60775,61325,550,0,RECEIVED
51d32c_1_5_1,0x51d32c,-1,1,5,1,61015,61295,280,12,RECEIVED
42ea22_4_5_0,0x42ea22,-1,4,5,0,61115,61125,10,15,RECEIVED
3c820e_2_0_1,0x3c820e,-1,2,0,1,61345,61805,460,5,RECEIVED
42c824_4_0_0,0x42c824,-1,4,0,0,61515,61795,280,7,RECEIVED
32f78b_2_5_0,0x32f78b,-1,2,5,0,61715,61905,190,13,RECEIVED
70712f_0_2_1,0x70712f,-1,0,2,1,61865,62055,190,1,RECEIVED
601a95_4_0_1,0x601a95,-1,4,0,1,62035,62435,400,7,RECEIVED
6abc13_5_1_1,0x6abc13,-1,5,1,1,62295,62845,550,8,RECEIVED
528e4_3_0_1,0x528e4,-1,3,0,1,62385,62855,470,6,RECEIVED
7f6d5e_5_2_1,0x7f6d5e,-1,5,2,1,62665,63125,460,9,RECEIVED
5bafe_3_5_0,0x5bafe,-1,3,5,0,62795,62985,190,14,RECEIVED
43d1ca_2_5_1,0x43d1ca,-1,2,5,1,62995,63095,100,13,RECEIVED
193dd5_1_5_0,0x193dd5,-1,1,5,0,63125,63135,10,12,RECEIVED
104119_2_5_0,0x104119,-1,2,5,0,63395,63495,100,13,RECEIVED
4e6319_5_1_1,0x4e6319,-1,5,1,1,63595,64145,550,8,RECEIVED
2f66a5_2_0_0,0x2f66a5,-1,2,0,0,63725,64005,280,5,RECEIVED
1d0340_1_0_0,0x1d0340,-1,1,0,0,63915,64225,310,4,RECEIVED
c6a8b_5_3_0,0xc6a8b,-1,5,3,0,64085,64325,240,10,RECEIVED
2fe597_1_5_0,0x2fe597,-1,1,5,0,64335,64425,90,12,RECEIVED
792871_5_1_0,0x792871,-1,5,1,0,64535,64955,420,8,RECEIVED
3d4ec3_4_5_1,0x3d4ec3,-1,4,5,1,64635,64825,190,15,RECEIVED
11e92b_5_2_0,0x11e92b,-1,5,2,0,64825,65155,330,9,RECEIVED
2b9d12_1_0_0,0x2b9d12,-1,1,0,0,64975,65345,370,4,RECEIVED
2c4bb9_3_5_1,0x2c4bb9,-1,3,5,1,65135,65235,100,14,RECEIVED
5c49d8_0_3_0,0x5c49d8,-1,0,3,0,65305,65435,130,2,RECEIVED
20f3cc_4_5_1,0x20f3cc,-1,4,5,1,65405,65505,100,15,RECEIVED
a0a08_3_0_0,0xa0a08,-1,3,0,0,65625,65725,100,6,RECEIVED
62f947_0_3_1,0x62f947,-1,0,3,1,65745,65995,250,2,RECEIVED
248c8d_2_5_1,0x248c8d,-1,2,5,1,66035,66135,100,13,RECEIVED
6dd1e9_5_1_1,0x6dd1e9,-1,5,1,1,66295,66485,190,8,RECEIVED
1b6e42_2_5_0,0x1b6e42,-1,2,5,0,66565,66665,100,13,RECEIVED
4bbac2_3_5_0,0x4bbac2,-1,3,5,0,66675,66685,10,14,RECEIVED
1f6da0_2_0_1,0x1f6da0,-1,2,0,1,66925,67295,370,5,RECEIVED
3043ba_5_1_1,0x3043ba,-1,5,1,1,67035,67405,370,8,RECEIVED
73342d_3_5_1,0x73342d,-1,3,5,1,67205,67215,10,14,RECEIVED
7cba92_1_0_0,0x7cba92,-1,1,0,0,67325,67755,430,4,RECEIVED
6cd588_1_5_1,0x6cd588,-1,1,5,1,67435,67705,270,12,RECEIVED
37ea86_5_3_1,0x37ea86,-1,5,3,1,67565,67665,100,10,RECEIVED
5fccb6_0_1_0,0x5fccb6,-1,0,1,0,67695,68245,550,0,RECEIVED
7ed45d_1_0_0,0x7ed45d,-1,1,0,0,67795,68345,550,4,RECEIVED
358ba7_2_5_0,0x358ba7,-1,2,5,0,68025,68215,190,13,RECEIVED
501da5_2_0_0,0x501da5,-1,2,0,0,68235,68695,460,5,RECEIVED
1c4750_4_0_1,0x1c4750,-1,4,0,1,68485,68765,280,7,RECEIVED
fd195_5_2_1,0xfd195,-1,5,2,1,68635,68825,190,9,RECEIVED
71d22f_1_5_0,0x71d22f,-1,1,5,0,68895,69175,280,12,RECEIVED
6362b0_2_5_1,0x6362b0,-1,2,5,1,69025,69215,190,13,RECEIVED
40933_5_2_1,0x40933,-1,5,2,1,69155,69345,190,9,RECEIVED
7fa1bc_0_3_1,0x7fa1bc,-1,0,3,1,69295,69665,370,2,RECEIVED
30b5ff_2_0_0,0x30b5ff,-1,2,0,0,69515,69975,460,5,RECEIVED
413583_3_5_1,0x413583,-1,3,5,1,69725,69825,100,14,RECEIVED
3baeeb_2_5_1,0x3baeeb,-1,2,5,1,69845,70035,190,13,RECEIVED
2c1185_3_5_1,0x2c1185,-1,3,5,1,69945,70045,100,14,RECEIVED
70c536_5_3_1,0x70c536,-1,5,3,1,70065,70165,100,10,RECEIVED
2c3bc1_3_0_0,0x2c3bc1,-1,3,0,0,70205,70575,370,6,RECEIVED
7014f7_4_5_1,0x7014f7,-1,4,5,1,70455,70465,10,15,RECEIVED
2af1a7_1_5_1,0x2af1a7,-1,1,5,1,70635,70775,140,12,RECEIVED
4f30dc_0_1_1,0x4f30dc,-1,0,1,1,70915,70925,10,0,RECEIVED
7db974_4_0_1,0x7db974,-1,4,0,1,71105,71285,180,7,RECEIVED
23abe0_2_5_0,0x23abe0,-1,2,5,0,71335,71665,330,13,RECEIVED
46f06c_5_1_0,0x46f06c,-1,5,1,0,71515,71795,280,8,RECEIVED
641a22_5_1_1,0x641a22,-1,5,1,1,71755,72035,280,8,RECEIVED
5803ec_5_3_0,0x5803ec,-1,5,3,0,71985,72385,400,10,RECEIVED
4f8733_3_0_1,0x4f8733,-1,3,0,1,72265,72455,190,6,RECEIVED
4d01fb_3_5_0,0x4d01fb,-1,3,5,0,72515,72935,420,14,RECEIVED
446a62_5_2_1,0x446a62,-1,5,2,1,72675,73005,330,9,RECEIVED
3ded4c_1_5_1,0x3ded4c,-1,1,5,1,72935,73215,280,12,RECEIVED
8e8f5_5_2_1,0x8e8f5,-1,5,2,1,73205,73575,370,9,RECEIVED
1708d8_4_5_0,0x1708d8,-1,4,5,0,73405,73905,500,15,RECEIVED
2c60f7_0_2_0,0x2c60f7,-1,0,2,0,73555,73655,100,1,RECEIVED
4f64c0_0_2_0,0x4f64c0,-1,0,2,0,73835,73935,100,1,RECEIVED
3ff133_4_5_1,0x3ff133,-1,4,5,1,74115,74625,510,15,RECEIVED
53fb49_1_5_0,0x53fb49,-1,1,5,0,74375,74655,280,12,RECEIVED
128e7b_4_0_1,0x128e7b,-1,4,0,1,74505,74785,280,7,RECEIVED
7f4a66_5_4_1,0x7f4a66,-1,5,4,1,74655,75205,550,11,RECEIVED
1fc1ce_0_1_0,0x1fc1ce,-1,0,1,0,74775,74785,10,0,RECEIVED
6e7ca8_4_5_0,0x6e7ca8,-1,4,5,0,75065,75555,490,15,RECEIVED
2b4299_5_4_0,0x2b4299,-1,5,4,0,75225,75775,550,11,RECEIVED
486876_1_0_1,0x486876,-1,1,0,1,75495,75505,10,4,RECEIVED
2c01fc_5_1_1,0x2c01fc,-1,5,1,1,75595,75875,280,8,RECEIVED
2f551e_5_3_1,0x2f551e,-1,5,3,1,75685,76155,470,10,RECEIVED
253289_0_3_1,0x253289,-1,0,3,1,75855,76045,190,2,RECEIVED
dd094_1_0_0,0xdd094,-1,1,0,0,76145,76155,10,4,RECEIVED
6a05f4_5_2_0,0x6a05f4,-1,5,2,0,76305,76575,270,9,RECEIVED
42fb7b_2_0_0,0x42fb7b,-1,2,0,0,76535,76635,100,5,RECEIVED
12aa8f_3_0_1,0x12aa8f,-1,3,0,1,76715,76905,190,6,RECEIVED
48eae3_4_5_1,0x48eae3,-1,4,5,1,77005,77515,510,15,RECEIVED
2d8e76_5_1_1,0x2d8e76,-1,5,1,1,77265,77545,280,8,RECEIVED
7f17f0_5_4_0,0x7f17f0,-1,5,4,0,77495,77985,490,11,RECEIVED
3d570_3_5_1,0x3d570,-1,3,5,1,77685,78085,400,14,RECEIVED
3e2740_3_5_0,0x3e2740,-1,3,5,0,77835,78235,400,14,RECEIVED
be585_3_5_1,0xbe585,-1,3,5,1,77995,78435,440,14,RECEIVED
4ea2ba_4_0_0,0x4ea2ba,-1,4,0,0,78255,78535,280,7,RECEIVED
c4141_0_4_1,0xc4141,-1,0,4,1,78535,78815,280,3,RECEIVED
258823_0_3_1,0x258823,-1,0,3,1,78685,78875,190,2,RECEIVED
521f99_2_5_1,0x521f99,-1,2,5,1,78955,79245,290,13,RECEIVED
7cad91_3_5_1,0x7cad91,-1,3,5,1,79025,79355,330,14,RECEIVED
102e28_5_1_1,0x102e28,-1,5,1,1,79255,79505,250,8,RECEIVED
7c9a03_0_2_0,0x7c9a03,-1,0,2,0,79485,79495,10,1,RECEIVED
6be650_0_4_1,0x6be650,-1,0,4,1,79755,79945,190,3,RECEIVED
3dfa3f_0_2_1,0x3dfa3f,-1,0,2,1,79915,79925,10,1,RECEIVED
3ca98_5_1_0,0x3ca98,-1,5,1,0,80115,80455,340,8,RECEIVED
28b71c_3_5_0,0x28b71c,-1,3,5,0,80345,80595,250,14,RECEIVED
4b0adb_5_3_0,0x4b0adb,-1,5,3,0,80605,80795,190,10,RECEIVED
853e5_3_5_0,0x853e5,-1,3,5,0,80765,81135,370,14,RECEIVED
5ed8c_2_5_1,0x5ed8c,-1,2,5,1,80875,81125,250,13,RECEIVED
14bf85_5_3_1,0x14bf85,-1,5,3,1,81105,81455,350,10,RECEIVED
6b1f0_2_0_0,0x6b1f0,-1,2,0,0,81295,81485,190,5,RECEIVED
78f694_1_0_1,0x78f694,-1,1,0,1,81515,81615,100,4,RECEIVED
538727_5_2_1,0x538727,-1,5,2,1,81775,82055,280,9,RECEIVED
37942d_0_2_1,0x37942d,-1,0,2,1,81985,81995,10,1,RECEIVED
552e85_4_5_0,0x552e85,-1,4,5,0,82275,82675,400,15,RECEIVED
5fc81e_5_3_0,0x5fc81e,-1,5,3,0,82385,82635,250,10,RECEIVED
19e7d_4_0_1,0x19e7d,-1,4,0,1,82575,82885,310,7,RECEIVED
6cde49_4_5_1,0x6cde49,-1,4,5,1,82695,83115,420,15,RECEIVED
2b577e_4_0_1,0x2b577e,-1,4,0,1,82785,83165,380,7,RECEIVED
33ae8c_0_3_0,0x33ae8c,-1,0,3,0,82965,83065,100,2,RECEIVED
761bce_0_2_1,0x761bce,-1,0,2,1,83245,83255,10,1,RECEIVED
7b155e_5_4_0,0x7b155e,-1,5,4,0,83365,83765,400,11,RECEIVED
f5521_1_5_0,0xf5521,-1,1,5,0,83525,83715,190,12,RECEIVED
da73_2_5_0,0xda73,-1,2,5,0,83645,83925,280,13,RECEIVED
5a3c55_5_4_1,0x5a3c55,-1,5,4,1,83775,84215,440,11,RECEIVED
31d57_0_2_1,0x31d57,-1,0,2,1,83895,83905,10,1,RECEIVED
309d28_2_0_1,0x309d28,-1,2,0,1,84125,84255,130,5,RECEIVED
5854d2_3_5_0,0x5854d2,-1,3,5,0,84255,84625,370,14,RECEIVED
7998f8_4_5_0,0x7998f8,-1,4,5,0,84345,84755,410,15,RECEIVED
798b5_5_3_0,0x798b5,-1,5,3,0,84465,84775,310,10,RECEIVED
5ed8b_5_1_1,0x5ed8b,-1,5,1,1,84725,85095,370,8,RECEIVED
6a19e4_3_5_1,0x6a19e4,-1,3,5,1,84885,85215,330,14,RECEIVED
26c476_2_5_0,0x26c476,-1,2,5,0,85045,85325,280,13,RECEIVED
6d698c_2_5_1,0x6d698c,-1,2,5,1,85215,85455,240,13,RECEIVED
2bf00a_0_1_1,0x2bf00a,-1,0,1,1,85445,85545,100,0,RECEIVED
4cf97a_5_4_1,0x4cf97a,-1,5,4,1,85665,86085,420,11,RECEIVED
3dfbf0_4_0_0,0x3dfbf0,-1,4,0,0,85785,86115,330,7,RECEIVED
5ecb9f_2_0_1,0x5ecb9f,-1,2,0,1,85955,86085,130,5,RECEIVED
5978d2_5_3_0,0x5978d2,-1,5,3,0,86145,86335,190,10,RECEIVED
562fc1_0_2_1,0x562fc1,-1,0,2,1,86325,86415,90,1,RECEIVED
7495d8_5_2_0,0x7495d8,-1,5,2,0,86505,86875,370,9,RECEIVED
5d921d_2_0_0,0x5d921d,-1,2,0,0,86675,86935,260,5,RECEIVED
2d414d_2_0_1,0x2d414d,-1,2,0,1,86905,87065,160,5,RECEIVED
3193d_2_5_0,0x3193d,-1,2,5,0,87115,87245,130,13,RECEIVED
3a9bd0_1_0_1,0x3a9bd0,-1,1,0,1,87255,87445,190,4,RECEIVED
7ae6b4_2_0_0,0x7ae6b4,-1,2,0,0,87535,87795,260,5,RECEIVED
47bee1_5_1_1,0x47bee1,-1,5,1,1,87775,88115,340,8,RECEIVED
549b9c_0_1_1,0x549b9c,-1,0,1,1,87865,88055,190,0,RECEIVED
4f64c7_5_1_0,0x4f64c7,-1,5,1,0,88095,88535,440,8,RECEIVED
6093f8_0_1_0,0x6093f8,-1,0,1,0,88205,88395,190,0,RECEIVED
843a6_3_0_0,0x843a6,-1,3,0,0,88375,88745,370,6,RECEIVED
3550f9_5_4_0,0x3550f9,-1,5,4,0,88665,88915,250,11,RECEIVED
6b65dc_1_5_0,0x6b65dc,-1,1,5,0,88805,88905,100,12,RECEIVED
4abd61_0_3_0,0x4abd61,-1,0,3,0,88945,88955,10,2,RECEIVED
5ac102_0_1_1,0x5ac102,-1,0,1,1,89135,89325,190,0,RECEIVED
638bed_2_0_0,0x638bed,-1,2,0,0,89425,89705,280,5,RECEIVED
3b9822_4_5_0,0x3b9822,-1,4,5,0,89695,90065,370,15,RECEIVED
1ab7d1_4_0_0,0x1ab7d1,-1,4,0,0,89875,90335,460,7,RECEIVED
235a2_5_4_1,0x235a2,-1,5,4,1,90165,90515,350,11,RECEIVED
286217_1_0_1,0x286217,-1,1,0,1,90405,90675,270,4,RECEIVED
6ea0d8_4_0_1,0x6ea0d8,-1,4,0,1,90655,91025,370,7,RECEIVED
3b1502_4_5_0,0x3b1502,-1,4,5,0,90845,91125,280,15,RECEIVED
641962_1_0_1,0x641962,-1,1,0,1,91125,91405,280,4,RECEIVED
bbcdd_0_3_0,0xbbcdd,-1,0,3,0,91345,91445,100,2,RECEIVED
57dbbb_0_3_1,0x57dbbb,-1,0,3,1,91445,91545,100,2,RECEIVED
78ede9_5_4_0,0x78ede9,-1,5,4,0,91695,91975,280,11,RECEIVED
9cba3_0_2_1,0x9cba3,-1,0,2,1,91965,92155,190,1,RECEIVED
3bdb6c_4_5_0,0x3bdb6c,-1,4,5,0,92235,92515,280,15,RECEIVED
7024a5_5_2_1,0x7024a5,-1,5,2,1,92385,92845,460,9,RECEIVED
6534dc_5_2_1,0x6534dc,-1,5,2,1,92595,93055,460,9,RECEIVED
9e662_5_2_0,0x9e662,-1,5,2,0,92805,93225,420,9,RECEIVED
452d32_2_0_1,0x452d32,-1,2,0,1,92985,93175,190,5,RECEIVED
7252fb_0_2_1,0x7252fb,-1,0,2,1,93145,93335,190,1,RECEIVED
573f5a_2_0_1,0x573f5a,-1,2,0,1,93325,93695,370,5,RECEIVED
34f3c3_2_5_0,0x34f3c3,-1,2,5,0,93475,93575,100,13,RECEIVED
306463_5_4_1,0x306463,-1,5,4,1,93585,93865,280,11,RECEIVED
193e24_0_3_0,0x193e24,-1,0,3,0,93675,93775,100,2,RECEIVED
595643_5_3_1,0x595643,-1,5,3,1,93965,94335,370,10,RECEIVED
33d40e_3_0_0,0x33d40e,-1,3,0,0,94125,94515,390,6,RECEIVED
754b8c_1_5_1,0x754b8c,-1,1,5,1,94405,94555,150,12,RECEIVED
5b84ff_1_0_1,0x5b84ff,-1,1,0,1,94575,94585,10,4,RECEIVED
1e3295_2_0_1,0x1e3295,-1,2,0,1,94705,94805,100,5,RECEIVED
7122be_5_4_0,0x7122be,-1,5,4,0,94815,95365,550,11,RECEIVED
6865be_2_5_0,0x6865be,-1,2,5,0,95015,95385,370,13,RECEIVED
3b5a2c_2_5_1,0x3b5a2c,-1,2,5,1,95255,95525,270,13,RECEIVED
505a88_3_5_1,0x505a88,-1,3,5,1,95515,95915,400,14,RECEIVED
316162_5_4_0,0x316162,-1,5,4,0,95675,96105,430,11,RECEIVED
7a1725_3_0_1,0x7a1725,-1,3,0,1,95795,95985,190,6,RECEIVED
61159f_5_3_1,0x61159f,-1,5,3,1,96075,96455,380,10,RECEIVED
398f9b_2_5_0,0x398f9b,-1,2,5,0,96225,96595,370,13,RECEIVED
9f50e_5_2_1,0x9f50e,-1,5,2,1,96365,96735,370,9,RECEIVED
b76d_0_4_1,0xb76d,-1,0,4,1,96555,96835,280,3,RECEIVED
4beb46_0_2_1,0x4beb46,-1,0,2,1,96765,96865,100,1,RECEIVED
50cde9_4_0_1,0x50cde9,-1,4,0,1,97055,97335,280,7,RECEIVED
14e0f_2_0_0,0x14e0f,-1,2,0,0,97275,97375,100,5,RECEIVED
1f90f0_4_5_0,0x1f90f0,-1,4,5,0,97555,98105,550,15,RECEIVED
39381e_4_5_1,0x39381e,-1,4,5,1,97835,98365,530,15,RECEIVED
2311ae_5_1_1,0x2311ae,-1,5,1,1,97975,98255,280,8,RECEIVED
4b8640_3_0_0,0x4b8640,-1,3,0,0,98065,98265,200,6,RECEIVED
3f0e9a_5_3_1,0x3f0e9a,-1,5,3,1,98245,98705,460,10,RECEIVED
505b15_2_0_0,0x505b15,-1,2,0,0,98485,98585,100,5,RECEIVED
170fd5_4_5_1,0x170fd5,-1,4,5,1,98755,99305,550,15,RECEIVED
47b2ff_5_4_0,0x47b2ff,-1,5,4,0,98865,99355,490,11,RECEIVED
6db37_4_5_0,0x6db37,-1,4,5,0,99015,99565,550,15,RECEIVED
37d021_5_1_1,0x37d021,-1,5,1,1,99195,99475,280,8,RECEIVED
381292_5_1_1,0x381292,-1,5,1,1,99285,99575,290,8,RECEIVED
73ea40_1_5_0,0x73ea40,-1,1,5,0,99525,99805,280,12,RECEIVED
559027_0_3_1,0x559027,-1,0,3,1,99665,99855,190,2,RECEIVED
1f38fb_1_5_1,0x1f38fb,-1,1,5,1,99955,100235,280,12,RECEIVED
384a7e_0_1_1,0x384a7e,-1,0,1,1,100215,100265,50,0,RECEIVED
62ed93_3_5_1,0x62ed93,-1,3,5,1,100335,100685,350,14,RECEIVED
156924_1_0_1,0x156924,-1,1,0,1,100515,100615,100,4,RECEIVED
52e164_2_0_1,0x52e164,-1,2,0,1,100725,100735,10,5,RECEIVED
7e9837_4_0_0,0x7e9837,-1,4,0,0,101005,101195,190,7,RECEIVED
15b86_3_0_0,0x15b86,-1,3,0,0,101105,101205,100,6,RECEIVED
346f8_2_5_0,0x346f8,-1,2,5,0,101315,101575,260,13,RECEIVED
33b0ea_0_2_0,0x33b0ea,-1,0,2,0,101455,101625,170,1,RECEIVED
78c6a8_0_1_1,0x78c6a8,-1,0,1,1,101665,101765,100,0,RECEIVED
20477f_2_0_0,0x20477f,-1,2,0,0,101755,101765,10,5,RECEIVED
7e40a0_5_3_0,0x7e40a0,-1,5,3,0,102015,102235,220,10,RECEIVED
178380_3_5_0,0x178380,-1,3,5,0,102135,102415,280,14,RECEIVED
2878ce_1_0_1,0x2878ce,-1,1,0,1,102385,102525,140,4,RECEIVED
120508_0_1_1,0x120508,-1,0,1,1,102535,102725,190,0,RECEIVED
381365_1_5_1,0x381365,-1,1,5,1,102695,103095,400,12,RECEIVED
7685aa_1_0_1,0x7685aa,-1,1,0,1,102815,103005,190,4,RECEIVED
79c0de_4_0_0,0x79c0de,-1,4,0,0,102935,103035,100,7,RECEIVED
66c06f_5_3_0,0x66c06f,-1,5,3,0,103175,103455,280,10,RECEIVED
29d228_3_0_1,0x29d228,-1,3,0,1,103315,103325,10,6,RECEIVED
6fbc2d_0_3_0,0x6fbc2d,-1,0,3,0,103525,103855,330,2,RECEIVED
7bdb53_5_3_0,0x7bdb53,-1,5,3,0,103795,104075,280,10,RECEIVED
1e9bb0_4_5_0,0x1e9bb0,-1,4,5,0,104025,104395,370,15,RECEIVED
339c01_2_5_1,0x339c01,-1,2,5,1,104235,104545,310,13,RECEIVED
2df4a5_0_2_1,0x2df4a5,-1,0,2,1,104465,104745,280,1,RECEIVED
2bcfa3_5_4_1,0x2bcfa3,-1,5,4,1,104705,105035,330,11,RECEIVED
a99c4_4_0_0,0xa99c4,-1,4,0,0,104895,104995,100,7,RECEIVED
cee68_2_0_0,0xcee68,-1,2,0,0,105055,105155,100,5,RECEIVED
2acc4e_5_4_1,0x2acc4e,-1,5,4,1,105225,105595,370,11,RECEIVED
632051_0_4_1,0x632051,-1,0,4,1,105515,105915,400,3,RECEIVED
59a3fc_0_4_0,0x59a3fc,-1,0,4,0,105745,106165,420,3,RECEIVED
10ef71_0_3_0,0x10ef71,-1,0,3,0,105985,106315,330,2,RECEIVED
7b6919_2_5_1,0x7b6919,-1,2,5,1,106095,106345,250,13,RECEIVED
304ad9_0_3_0,0x304ad9,-1,0,3,0,106315,106665,350,2,RECEIVED
335ada_1_0_1,0x335ada,-1,1,0,1,106605,106795,190,4,RECEIVED
e7d2e_0_2_0,0xe7d2e,-1,0,2,0,106795,107035,240,1,RECEIVED
6a9a4f_3_5_1,0x6a9a4f,-1,3,5,1,106955,107235,280,14,RECEIVED
e60f7_2_0_1,0xe60f7,-1,2,0,1,107145,107245,100,5,RECEIVED
397bd5_3_5_1,0x397bd5,-1,3,5,1,107245,107525,280,14,RECEIVED
38f318_3_0_1,0x38f318,-1,3,0,1,107515,107525,10,6,RECEIVED
124c48_0_3_1,0x124c48,-1,0,3,1,107735,107985,250,2,RECEIVED
2cb58e_0_2_1,0x2cb58e,-1,0,2,1,107945,108265,320,1,RECEIVED
1f6e60_3_0_1,0x1f6e60,-1,3,0,1,108105,108205,100,6,RECEIVED
3d1e17_1_0_0,0x3d1e17,-1,1,0,0,108395,108675,280,4,RECEIVED
3e0ece_4_5_1,0x3e0ece,-1,4,5,1,108675,108955,280,15,RECEIVED
59d674_5_4_1,0x59d674,-1,5,4,1,108945,109225,280,11,RECEIVED
2f0883_0_2_1,0x2f0883,-1,0,2,1,109185,109555,370,1,RECEIVED
587a29_0_1_1,0x587a29,-1,0,1,1,109325,109605,280,0,RECEIVED
28574e_5_4_1,0x28574e,-1,5,4,1,109525,109805,280,11,RECEIVED
7160bb_0_3_0,0x7160bb,-1,0,3,0,109695,110115,420,2,RECEIVED
7c5d7e_1_5_1,0x7c5d7e,-1,1,5,1,109815,110245,430,12,RECEIVED
2eab2c_3_0_0,0x2eab2c,-1,3,0,0,109975,110075,100,6,RECEIVED
fe5a7_5_2_0,0xfe5a7,-1,5,2,0,110155,110255,100,9,RECEIVED
58de68_3_0_0,0x58de68,-1,3,0,0,110385,110485,100,6,RECEIVED
6d2198_4_0_0,0x6d2198,-1,4,0,0,110585,110595,10,7,RECEIVED
5de6dc_4_0_1,0x5de6dc,-1,4,0,1,110875,110885,10,7,RECEIVED
3118fd_5_1_1,0x3118fd,-1,5,1,1,111035,111045,10,8,RECEIVED
6e8fb9_0_2_0,0x6e8fb9,-1,0,2,0,111135,111465,330,1,RECEIVED
35d633_0_1_0,0x35d633,-1,0,1,0,111255,111535,280,0,RECEIVED
c0a1_4_5_0,0xc0a1,-1,4,5,0,111465,111745,280,15,RECEIVED
7d90b8_1_5_1,0x7d90b8,-1,1,5,1,111655,112145,490,12,RECEIVED
e6ff4_5_3_1,0xe6ff4,-1,5,3,1,111775,111965,190,10,RECEIVED
4375ee_1_0_1,0x4375ee,-1,1,0,1,112005,112285,280,4,RECEIVED
3254c7_0_3_1,0x3254c7,-1,0,3,1,112235,112695,460,2,RECEIVED
328c8c_2_0_0,0x328c8c,-1,2,0,0,112405,112595,190,5,RECEIVED
1338c6_2_0_0,0x1338c6,-1,2,0,0,112535,112725,190,5,RECEIVED
31b0cd_5_1_0,0x31b0cd,-1,5,1,0,112755,112765,10,8,RECEIVED
6d2cce_5_4_1,0x6d2cce,-1,5,4,1,112935,113215,280,11,RECEIVED
629be_0_2_1,0x629be,-1,0,2,1,113125,113495,370,1,RECEIVED
6f2bf3_1_5_0,0x6f2bf3,-1,1,5,0,113365,113855,490,12,RECEIVED
78c716_3_5_1,0x78c716,-1,3,5,1,113625,113815,190,14,RECEIVED
1c04bd_2_0_1,0x1c04bd,-1,2,0,1,113865,114055,190,5,RECEIVED
63101a_0_1_0,0x63101a,-1,0,1,0,114125,114405,280,0,RECEIVED
11bd19_4_5_1,0x11bd19,-1,4,5,1,114405,114685,280,15,RECEIVED
2898a8_4_5_1,0x2898a8,-1,4,5,1,114685,114965,280,15,RECEIVED
533f79_5_2_1,0x533f79,-1,5,2,1,114805,114905,100,9,RECEIVED
762ef4_5_4_0,0x762ef4,-1,5,4,0,115025,115305,280,11,RECEIVED
4ed502_2_5_0,0x4ed502,-1,2,5,0,115125,115565,440,13,RECEIVED
739c58_0_1_1,0x739c58,-1,0,1,1,115245,115525,280,0,RECEIVED
47b70d_5_2_0,0x47b70d,-1,5,2,0,115515,115615,100,9,RECEIVED
446dc_2_0_1,0x446dc,-1,2,0,1,115715,115905,190,5,RECEIVED
67685a_1_5_0,0x67685a,-1,1,5,0,115955,116505,550,12,RECEIVED
10ef67_3_0_0,0x10ef67,-1,3,0,0,116075,116175,100,6,RECEIVED
3c5144_0_1_1,0x3c5144,-1,0,1,1,116365,116645,280,0,RECEIVED
e66c2_4_5_0,0xe66c2,-1,4,5,0,116555,116835,280,15,RECEIVED
264593_1_0_0,0x264593,-1,1,0,0,116785,117065,280,4,RECEIVED
5fe6f3_1_0_1,0x5fe6f3,-1,1,0,1,116915,117195,280,4,RECEIVED
7c9f5b_0_1_1,0x7c9f5b,-1,0,1,1,117015,117295,280,0,RECEIVED
545b71_4_5_0,0x545b71,-1,4,5,0,117135,117415,280,15,RECEIVED
192e01_4_0_0,0x192e01,-1,4,0,0,117315,117325,10,7,RECEIVED
17cf6b_3_5_1,0x17cf6b,-1,3,5,1,117485,117795,310,14,RECEIVED
4166a8_1_5_1,0x4166a8,-1,1,5,1,117695,118185,490,12,RECEIVED
7528ed_1_5_1,0x7528ed,-1,1,5,1,117875,118425,550,12,RECEIVED
4e0e74_5_4_0,0x4e0e74,-1,5,4,0,118065,118345,280,11,RECEIVED
7b2ed0_4_5_1,0x7b2ed0,-1,4,5,1,118275,118555,280,15,RECEIVED
4f4c21_5_3_0,0x4f4c21,-1,5,3,0,118405,118595,190,10,RECEIVED
66b434_5_2_0,0x66b434,-1,5,2,0,118655,118665,10,9,RECEIVED
775cc3_1_5_1,0x775cc3,-1,1,5,1,118875,119295,420,12,RECEIVED
78181_4_5_1,0x78181,-1,4,5,1,119005,119195,190,15,RECEIVED
6f9cc0_5_1_0,0x6f9cc0,-1,5,1,0,119245,119295,50,8,RECEIVED
3ebf34_1_0_1,0x3ebf34,-1,1,0,1,119535,119885,350,4,RECEIVED
227659_5_2_1,0x227659,-1,5,2,1,119765,119775,10,9,RECEIVED
4d0a1c_5_1_1,0x4d0a1c,-1,5,1,1,119955,120055,100,8,RECEIVED
484034_0_4_1,0x484034,-1,0,4,1,120125,120585,460,3,RECEIVED
71c46d_2_5_0,0x71c46d,-1,2,5,0,120265,120615,350,13,RECEIVED
1721f8_1_5_1,0x1721f8,-1,1,5,1,120455,120915,460,12,RECEIVED
1e2bf9_4_5_1,0x1e2bf9,-1,4,5,1,120695,120885,190,15,RECEIVED
542cc8_3_5_0,0x542cc8,-1,3,5,0,120895,121175,280,14,RECEIVED
45e40c_5_4_0,0x45e40c,-1,5,4,0,120995,121185,190,11,RECEIVED
1d6f91_2_0_0,0x1d6f91,-1,2,0,0,121255,121535,280,5,RECEIVED
3db820_5_1_1,0x3db820,-1,5,1,1,121535,121635,100,8,RECEIVED
5d9807_4_5_0,0x5d9807,-1,4,5,0,121765,121955,190,15,RECEIVED
6dc06e_1_5_0,0x6dc06e,-1,1,5,0,121985,122425,440,12,RECEIVED
7305e1_2_5_0,0x7305e1,-1,2,5,0,122075,122455,380,13,RECEIVED
2a4ce3_0_1_1,0x2a4ce3,-1,0,1,1,122265,122635,370,0,RECEIVED
5efe24_3_0_1,0x5efe24,-1,3,0,1,122385,122555,170,6,RECEIVED
1bc931_2_5_0,0x1bc931,-1,2,5,0,122555,122925,370,13,RECEIVED
33278a_4_5_0,0x33278a,-1,4,5,0,122665,122855,190,15,RECEIVED
267396_5_1_1,0x267396,-1,5,1,1,122915,123015,100,8,RECEIVED
f5e86_5_3_1,0xf5e86,-1,5,3,1,123175,123275,100,10,RECEIVED
7df1d5_4_0_0,0x7df1d5,-1,4,0,0,123415,123515,100,7,RECEIVED
2c4880_2_0_0,0x2c4880,-1,2,0,0,123625,123845,220,5,RECEIVED
646b5b_0_1_0,0x646b5b,-1,0,1,0,123825,124135,310,0,RECEIVED
5c9a01_3_0_1,0x5c9a01,-1,3,0,1,124005,124175,170,6,RECEIVED
7f6bc1_5_1_1,0x7f6bc1,-1,5,1,1,124165,124265,100,8,RECEIVED
c7869_5_1_0,0xc7869,-1,5,1,0,124275,124375,100,8,RECEIVED
24de51_5_3_1,0x24de51,-1,5,3,1,124575,124585,10,10,RECEIVED
253ece_3_5_0,0x253ece,-1,3,5,0,124725,124915,190,14,RECEIVED
79f66f_3_0_0,0x79f66f,-1,3,0,0,125015,125185,170,6,RECEIVED
4c2535_1_0_0,0x4c2535,-1,1,0,0,125155,125615,460,4,RECEIVED
1d87d9_5_4_1,0x1d87d9,-1,5,4,1,125245,125345,100,11,RECEIVED
429837_3_5_0,0x429837,-1,3,5,0,125345,125535,190,14,RECEIVED
54a71e_3_5_0,0x54a71e,-1,3,5,0,125545,125735,190,14,RECEIVED
7854af_0_2_0,0x7854af,-1,0,2,0,125805,126175,370,1,RECEIVED
10a81e_1_0_1,0x10a81e,-1,1,0,1,125985,126365,380,4,RECEIVED
366ff5_2_0_1,0x366ff5,-1,2,0,1,126085,126415,330,5,RECEIVED
7419c4_2_5_0,0x7419c4,-1,2,5,0,126365,126645,280,13,RECEIVED
1cb342_4_5_0,0x1cb342,-1,4,5,0,126615,126715,100,15,RECEIVED
12b8cc_5_4_0,0x12b8cc,-1,5,4,0,126815,126915,100,11,RECEIVED
262f6c_5_4_0,0x262f6c,-1,5,4,0,126935,127035,100,11,RECEIVED
65d977_5_3_0,0x65d977,-1,5,3,0,127115,127125,10,10,RECEIVED
7e974a_0_1_0,0x7e974a,-1,0,1,0,127255,127595,340,0,RECEIVED
c3e88_5_2_0,0xc3e88,-1,5,2,0,127435,127535,100,9,RECEIVED
629e60_0_3_1,0x629e60,-1,0,3,1,127715,127995,280,2,RECEIVED
5f00a0_2_0_0,0x5f00a0,-1,2,0,0,127945,128315,370,5,RECEIVED
4d26ba_2_5_0,0x4d26ba,-1,2,5,0,128045,128305,260,13,RECEIVED
375bbf_5_1_1,0x375bbf,-1,5,1,1,128195,128425,230,8,RECEIVED
4ed711_5_1_0,0x4ed711,-1,5,1,0,128325,128605,280,8,RECEIVED
2a7dde_1_0_1,0x2a7dde,-1,1,0,1,128435,128945,510,4,RECEIVED
69b283_3_5_1,0x69b283,-1,3,5,1,128625,128725,100,14,RECEIVED
3f11fe_4_0_0,0x3f11fe,-1,4,0,0,128875,129155,280,7,RECEIVED
6bc566_2_5_1,0x6bc566,-1,2,5,1,128965,129155,190,13,RECEIVED
12003a_0_2_0,0x12003a,-1,0,2,0,129185,129525,340,1,RECEIVED
63f473_2_5_1,0x63f473,-1,2,5,1,129365,129555,190,13,RECEIVED
78dc00_4_0_0,0x78dc00,-1,4,0,0,129625,129905,280,7,RECEIVED
33201_5_4_1,0x33201,-1,5,4,1,129855,129865,10,11,RECEIVED
4440ce_4_0_0,0x4440ce,-1,4,0,0,130105,130385,280,7,RECEIVED
5367d0_0_2_1,0x5367d0,-1,0,2,1,130315,130755,440,1,RECEIVED
75c4c5_3_5_0,0x75c4c5,-1,3,5,0,130545,130645,100,14,RECEIVED
76a32e_1_0_1,0x76a32e,-1,1,0,1,130785,131335,550,4,RECEIVED
41fbdd_1_5_1,0x41fbdd,-1,1,5,1,131075,131355,280,12,RECEIVED
39a6be_5_1_1,0x39a6be,-1,5,1,1,131255,131535,280,8,RECEIVED
2663c1_4_0_1,0x2663c1,-1,4,0,1,131485,131765,280,7,RECEIVED
510225_5_3_1,0x510225,-1,5,3,1,131655,131755,100,10,RECEIVED
7982b2_2_0_1,0x7982b2,-1,2,0,1,131755,132155,400,5,RECEIVED
542a59_0_2_1,0x542a59,-1,0,2,1,132035,132495,460,1,RECEIVED
fcc77_4_0_1,0xfcc77,-1,4,0,1,132185,132465,280,7,RECEIVED
74f34a_0_2_1,0x74f34a,-1,0,2,1,132415,132875,460,1,RECEIVED
17e0e8_3_5_1,0x17e0e8,-1,3,5,1,132525,132625,100,14,RECEIVED
5d2b9e_4_0_1,0x5d2b9e,-1,4,0,1,132765,133045,280,7,RECEIVED
688161_2_0_1,0x688161,-1,2,0,1,132885,133345,460,5,RECEIVED
3d0d7_0_3_1,0x3d0d7,-1,0,3,1,133105,133475,370,2,RECEIVED
3b6467_0_3_1,0x3b6467,-1,0,3,1,133245,133615,370,2,RECEIVED
bb229_2_0_1,0xbb229,-1,2,0,1,133375,133835,460,5,RECEIVED
5df353_0_4_0,0x5df353,-1,0,4,0,133625,133905,280,3,RECEIVED
30eae0_0_4_0,0x30eae0,-1,0,4,0,133875,134345,470,3,RECEIVED
740693_0_2_1,0x740693,-1,0,2,1,134055,134245,190,1,RECEIVED
765eb6_2_0_0,0x765eb6,-1,2,0,0,134195,134545,350,5,RECEIVED
d72a1_0_3_0,0xd72a1,-1,0,3,0,134255,134395,140,2,RECEIVED
54a674_2_0_0,0x54a674,-1,2,0,0,134415,134785,370,5,RECEIVED
34e77b_0_3_0,0x34e77b,-1,0,3,0,134605,134705,100,2,RECEIVED
43afb_5_4_0,0x43afb,-1,5,4,0,134725,134855,130,11,RECEIVED
4889c_5_1_0,0x4889c,-1,5,1,0,134855,135345,490,8,RECEIVED
640983_1_0_1,0x640983,-1,1,0,1,134995,135275,280,4,RECEIVED
771a86_5_4_1,0x771a86,-1,5,4,1,135185,135465,280,11,RECEIVED
62d80f_5_3_0,0x62d80f,-1,5,3,0,135455,135745,290,10,RECEIVED
66435e_3_5_1,0x66435e,-1,3,5,1,135635,135735,100,14,RECEIVED
7e2d2b_1_0_1,0x7e2d2b,-1,1,0,1,135855,136215,360,4,RECEIVED
a088f_5_4_1,0xa088f,-1,5,4,1,136105,136295,190,11,RECEIVED
2ce97c_1_5_0,0x2ce97c,-1,1,5,0,136215,136315,100,12,RECEIVED
6be57e_5_1_1,0x6be57e,-1,5,1,1,136505,136845,340,8,RECEIVED
1deba0_3_5_1,0x1deba0,-1,3,5,1,136655,136755,100,14,RECEIVED
2fc5e_0_3_0,0x2fc5e,-1,0,3,0,136815,136885,70,2,RECEIVED
518873_0_4_1,0x518873,-1,0,4,1,136985,137085,100,3,RECEIVED
13c04b_0_2_0,0x13c04b,-1,0,2,0,137255,137475,220,1,RECEIVED
a9387_5_3_0,0xa9387,-1,5,3,0,137395,137655,260,10,RECEIVED
58c9f0_4_5_0,0x58c9f0,-1,4,5,0,137515,137615,100,15,RECEIVED
57bb95_0_3_0,0x57bb95,-1,0,3,0,137805,137965,160,2,RECEIVED
3e963b_0_2_1,0x3e963b,-1,0,2,1,137915,138235,320,1,RECEIVED
5f6db4_5_2_0,0x5f6db4,-1,5,2,0,138015,138255,240,9,RECEIVED
cc92a_2_5_0,0xcc92a,-1,2,5,0,138105,138205,100,13,RECEIVED
2cabea_4_0_0,0x2cabea,-1,4,0,0,138195,138485,290,7,RECEIVED
712e3b_0_4_0,0x712e3b,-1,0,4,0,138435,138625,190,3,RECEIVED
5bfa67_0_4_1,0x5bfa67,-1,0,4,1,138625,138815,190,3,RECEIVED
4f7a92_5_3_0,0x4f7a92,-1,5,3,0,138915,139105,190,10,RECEIVED
c5bb0_5_4_0,0xc5bb0,-1,5,4,0,139035,139135,100,11,RECEIVED
6d5606_0_1_0,0x6d5606,-1,0,1,0,139215,139425,210,0,RECEIVED
549203_5_3_1,0x549203,-1,5,3,1,139465,139565,100,10,RECEIVED
ff7d0_0_2_1,0xff7d0,-1,0,2,1,139615,140065,450,1,RECEIVED
1f936b_0_1_0,0x1f936b,-1,0,1,0,139825,140375,550,0,RECEIVED
692907_4_5_0,0x692907,-1,4,5,0,140055,140065,10,15,RECEIVED
7cebe8_0_3_1,0x7cebe8,-1,0,3,1,140195,140565,370,2,RECEIVED
7931df_5_1_1,0x7931df,-1,5,1,1,140435,140715,280,8,RECEIVED
15c7a2_5_2_1,0x15c7a2,-1,5,2,1,140585,140775,190,9,RECEIVED
1c423c_5_4_1,0x1c423c,-1,5,4,1,140785,140795,10,11,RECEIVED
79dcdc_1_0_1,0x79dcdc,-1,1,0,1,140975,141505,530,4,RECEIVED
237d14_2_0_0,0x237d14,-1,2,0,0,141145,141605,460,5,RECEIVED
6e998c_5_4_1,0x6e998c,-1,5,4,1,141235,141245,10,11,RECEIVED
fa10_1_0_0,0xfa10,-1,1,0,0,141485,141975,490,4,RECEIVED
241509_5_2_0,0x241509,-1,5,2,0,141575,141775,200,9,RECEIVED
7eb9b2_4_0_1,0x7eb9b2,-1,4,0,1,141855,142135,280,7,RECEIVED
6497f2_0_2_1,0x6497f2,-1,0,2,1,142045,142505,460,1,RECEIVED
6c77d7_1_0_1,0x6c77d7,-1,1,0,1,142275,142805,530,4,RECEIVED
54e0fd_5_4_0,0x54e0fd,-1,5,4,0,142375,142385,10,11,RECEIVED
74902c_4_0_0,0x74902c,-1,4,0,0,142595,142875,280,7,RECEIVED
84d23_5_4_1,0x84d23,-1,5,4,1,142745,142755,10,11,RECEIVED


=== SUMMARY ===
Metric,Value
TotalPacketsFromDrivers,750
TotalPacketsReceived,749
TotalPacketsLost,1
SuccessRate,99.87%

=== AVERAGE LATENCY PER TERMINAL ===
Terminal,AvgLatency,ReceivedPackets
Terminal_0,250,37
Terminal_1,233,58
Terminal_2,244,37
Terminal_3,321,37
Terminal_4,248,52
Terminal_5,220,61
Terminal_6,191,50
Terminal_7,258,38
Terminal_8,247,50
Terminal_9,250,38
Terminal_10,225,51
Terminal_11,277,56
Terminal_12,305,36
Terminal_13,246,48
Terminal_14,257,52
Terminal_15,299,48

=== TEST INFORMATION ===
ExpectedPackets,750
ActualReceived,749
CompletionStatus,FORCED
